Country Name,2000,2001,2002,2003,2004,2005,2006,2007,2008,2009,2010,2011,2012,2013,2014,2015,2016,2017,2018,2019,2020,2021
Aruba,1873184358,1896648045,1962011173,2044134078,2254748603,2359776536,2469832402,2677653631,2843016760,2553631285,2453631285,2637988827,2615083799,2727932961,2791061453,2963128492,2983798883,3092178771,3202234637,3310055866,2496648045,N/A
Afghanistan,N/A,N/A,4055179566,4515558808,5226778809,6209137625,6971285595,9747879532,10109305183,12416161049,15856678596,17805113119,19907317066,20146404996,20497126770,19134211764,18116562465,18753469630,18053228579,18799450743,20116137326,N/A
Angola,9129594819,8936063723,15285594828,17812704825,23552047248,36970918699,52381006892,65266452081,88538610805,70307166934,81699556137,109436531427,124998158418,133401594461,137244418013,87219290029,49840494026,68972763787,77792940077,69309104807,53619071176,72546985709
Albania,3480355258,3922100794,4348068242,5611496257,7184685782,8052073539,8896072919,10677324144,12881353508,12044208086,11926922829,12890764531,12319830437,12776220507,13228147516,11386850130,11861199831,13019689337,15156432310,15401830754,15131866271,18260043500
United Arab Emirates,104337372362,103311640572,109816201498,124346358067,147824370320,180617467965,222116541865,257916133424,315474615739,253547358747,289787452662,350666058392,374590657683,390107528483,403137207535,358134944421,357045156019,385605506855,422215043585,417215559513,358868765175,N/A
Argentina,284203750000,268696750000,97724004252,127586973492,164657930453,198737095012,232557260817,287530508431,361558037110,332976484578,423627422092,530163281575,545982375701,552025140252,526319673732,594749285413,557531376218,643628665302,524819742919,452818426183,389591035521,491492700657
Armenia,1911563669,2118467913,2376335048,2807061009,3576615240,4900469950,6384451606,9206301700,11662040714,8647936748,9260284938,10142111334,10619320049,11121465767,11609512940,10553337673,10546135160,11527458566,12457941907,13619291361,12641209802,13861183874
Antigua and Barbuda,826370370.4,800481481.5,814381481.5,856396296.3,919729629.6,1022962963,1157662963,1312759259,1370070370,1228329630,1148700000,1137637037,1199948148,1181448148,1249733333,1336692593,1436585185,1467977778,1605944444,1687533333,1370281481,1471125926
Australia,415576210513,379083932596,395342716618,467390797903,614166310997,695075176665,747556154537,853955405512,1055127126231,928042998086,1147589183476,1397907916790,1546508558466,1576335282651,1467504819609,1350534154256,1206685107002,1326882872011,1428529571351,1391952510370,1327836171069,1542659899993
Austria,197289625480,197508773215,214394866675,262273631180,301457562039,316092273276,336280064332,389185571506,432051935643,401758735822,392275107259,431685217368,409401816051,430190979706,442584815286,381971148531,395837353031,417261151845,455168151939,445011872704,433258467677,477082467454
Azerbaijan,5272798391,5707720391,6235856820,7276753895,8680370408,13245716099,20982986344,33050343783,48852482960,44291490421,52909294792,65951627200,69683935845,74164435946,75244294275,53074370486,37867518957,40865558912,47112941176,48174235294,42693000000,54622176471
Burundi,870486065.9,876794723.1,825394490.2,784654423.6,915257323.4,1117113046,1273375020,1356199365,1611835902,1781455092,2032135247,2235820868,2333341375,2451606684,2705783272,3104003611,2639321196,2712324087,2660123624,2581268126,2780510625,2902029386
Belgium,236792460312,236746141604,258383599375,318082528507,369214712443,385714762230,408259840869,470922156309,517328087920,483254171098,481420882905,523330354138,496152879925,521791015247,535390200131,462335574841,476062757357,502764720556,543347368038,535376258147,521676942135,599879025378
Benin,3519991326,3666222600,4194342849,5349258334,6190270756,6567654494,7034111651,8169048690,9787735426,9738626993,9535344283,10693321954,11141358945,12517845732,13284528654,11388160958,11821066153,12701654743,14262407011,14391686633,15651545332,17785640079
Burkina Faso,2968369991,3190371050,3622350204,4740768355,5451688868,6146352742,6547420134,7625723124,9451436359,9450697336,10109618964,12080296644,12561016091,13444301139,13943016924,11832159276,12833363370,14106956830,15890065020,16178162030,17933606353,19737615114
Bangladesh,53369787319,53991289844,54724081491,60158929188,65108544250,69442943089,71819083684,79611888213,91631278239,102477791472,115279077465,128637938711,133355749482,149990451022,172885454931,195078678697,265236247989,293754646182,321379023557,351238438543,373902134700,416264942893
Bulgaria,13245833844,14183497963,16402846413,21144983552,26157894737,29869283400,34379808889,44405101470,54438966420,52023504656,50682061053,57678241024,54300857424,55810138436,57082011260,50781996713,53953897624,59199447421,66363422450,68915416142,69889347433,80271119426
Bahrain,9062898936,8976196809,9593510638,11074813830,13150159574,15968723404,18504760638,21730000000,25710904255,22938218085,25713271277,28776595745,30749308511,32539468085,33387712766,31050638298,32234973404,35473776596,37802005319,38653318085,34723357447,38868663032
Bahamas,7683870000,8076470000,8317830000,8881160000,8870090000,9055290000,9836200000,10167250000,10618340000,10526000000,9981960000,10095760000,10070450000,10720500000,10562800000,11176100000,11861900000,11834600000,12357600000,12755800000,13192800000,9699500000
Bosnia and Herzegovina,5567405605,5800774707,6728771319,8498560877,10157553968,11222953329,12864610865,15778767390,19112739365,17613836494,17176781066,18644723861,17221192487,18172335776,18560861398,16219819344,16914287593,18079076427,20177422311,20201323283,19955120005,22571512867
Belarus,12736856828,12354820144,14594249023,17827791321,23144351852,30207567317,36954312354,45277399814,60763483146,50874078052,57222490769,61757788945,65685102555,75527984234,78813839984,56454734397,47722657821,54726595249,60031262269,64409647194,61489588895,68218816484
Belize,832072450,871590369.3,932292858.9,990727709.5,1057653620,1111453824,1211148305,1283112550,1352588868,1320605472,1387925188,1466822039,1531348953,1581844936,1676406802,1734320479,1796928937,1844906693,1887465218,1945250236,1585631670,1789923264
Bermuda,3480219000,3680483000,3937228000,4186525000,4484703000,4868136000,6144000000,6767000000,6980000000,6656000000,6634526000,6312691000,6378188000,6465756000,6413988000,6654541000,6899911000,7142316000,7225977000,7423465000,6881662000,7080900000
Bolivia,8397912525,8141537877,7905485146,8082364816,8773451752,9549077919,11451869202,13120183208,16674324662,17339992194,19649631308,23963033429,27084497482,30659338886,32996188017,33000198249,33941126194,37508642171,40287647931,40895322851,36629843806,40408208524
Brazil,655448188259,559983704094,509795270685,558233724165,669289321945,891633826603,1107626711407,1397114247331,1695855391811,1666996294373,2208838108577,2616156606667,2465228293894,2472819362217,2456043766029,1802211999539,1795693265810,2063514688762,1916933708382,1873288158977,1448565936740,1608981220812
Barbados,3059500000,3054500000,3106500000,3209500000,3444500000,3819500000,4217450803,4674007452,4784925079,4465657315,4529928302,4657699461,4610095998,4677248302,4696344342,4724691213,4832811756,4981588900,5097283213,5304164323,4689534962,4900800000
Brunei Darussalam,6001153306,5601090584,5843329108,6557333085,7872333215,9531402848,11470703002,12247694247,14393099069,10732366286,13707370737,18525319978,19047940301,18093829923,17098342541,12930394938,11400854268,12128104859,13567351175,13469422959,12005825770,14006569576
Bhutan,424464089.9,461444513.7,520849551.5,604041957.9,682523857,796938120.2,874989895.6,1168308517,1227808791,1234014292,1547991318,1777101317,1781281282,1756215665,1907090813,2003598213,2158972129,2450364928,2446866405,2535657069,2315436303,N/A
Botswana,5788329609,5489608300,5438857107,7511582173,8957467707,9918907108,10137883299,10939053365,10945070442,10267133178,12786654498,15351972361,14380004175,14901750991,15654660710,13578754072,15082578065,16088437675,16914245098,16695925027,14930072799,17613846473
Central African Republic,916777282.7,932648604.4,996068145.6,1142315522,1272360517,1337894380,1461859763,1699811293,1993407887,2067381664,2142591376,2437982840,2510126699,1691544192,1894813505,1695825708,1825018191,2072349974,2220978978,2221301401,2326720921,2516498299
Canada,744773415932,738981792355,760649334098,895540646635,1026690238278,1173108598779,1319264809591,1468820407783,1552989690722,1374625142157,1617343367486,1793326630175,1828366481522,1846597421835,1805749878440,1556508816217,1527994741907,1649265644244,1725329192783,1742015045482,1645423407568,1990761609665
Switzerland,279841151705,287226531169,310175772488,363063293978,405531321271,420544947800,443801905408,493537376708,570304197212,558199868578,603434493403,722038242135,692109693987,712748124223,734396591037,702149580771,695600652899,704478516964,735539301553,731767398053,752248045730,812866928867
Chile,78249883996,71517080041,70294892400,76507577235,99079230170,122314960844,153840051814,172565850839,179663403197,171412642047,217105420017,251224856981,267175872540,277239461340,259405202008,242496649874,249298719723,276364933680,295402652037,278584733103,252727193710,317058508652
China,1211346869600,1339395718863,1470550015078,1660287965664,1955347004966,2285965892364,2752131773359,3550342737010,4594307032668,5101703073089,6087163874511,7551500124197,8532229986994,9570406235660,10475682920598,11061553079872,11233276536745,12310409370894,13894817549380,14279937500608,14687673892882,17734062645371
Cameroon,10566578953,10953485244,12417251816,15970315751,18826215278,19509850837,20910513975,23928251334,27715144580,27932971683,27507499709,30630912185,30155064574,33728622819,36386546918,32210232912,33814337900,36098550142,39973839065,39670977333,40804449726,45238613480
Congo - Brazzaville,4711259427,19088046306,7438189100,8728038525,8937567060,10297483481,11964484668,14451902468,16737071816,19788515874,18648373312,21565720044,25839749199,29306235826,32679745298,35909040266,37917704900,37134799975,38019265626,47568210068,51775830726,48716960860
Congo - Kinshasa,2354772959,3227927697,2796704603,3034250926,3503723087,4656974938,6650001685,8072305031,8782703428,11649857662,9723299908,13148396206,15655383586,17692911281,17958720704,17912907682,11890259177,10219341017,11094823677,13670038020,12750338736,10483151094
Colombia,99886577331,98211749596,97963003805,94641378693,117081522350,145619191582,161618581266,206181826825,242186950901,232397835678,286563105192,334943871932,370921320484,382116126449,381112119657,293481748241,282825009887,311883730690,334198214706,323109543324,270299982887,314322453228
Comoros,351136568.4,378512003.4,425964697.4,546885185,633706149.3,653845122.9,698431827.7,795673128.5,915659192.8,905341090.6,907978723.5,1023086184,1015843369,1116224161,1149587652,966029542,1012835518,1077439663,1188797575,1195019559,1223876065,1327964249
Cabo Verde,539227277.6,563024383.3,620974660.2,813963830.2,924318490.8,971977088.2,1107891063,1513933983,1789333749,1711817182,1664310770,1865915544,1741809809,1850470042,1859898513,1596800287,1663008687,1769787215,1966501118,1981845741,1703698677,1936174043
Costa Rica,15013629659,15976174337,16578820687,17271760507,18610594846,20040642477,22715540324,26884700345,30801744881,30745712007,37658614803,42762617082,47231651863,50949672206,52016408951,56441917653,58847016045,60516043590,62420165100,64417670083,62158002233,64282438667
Cuba,30565400000,31682400000,33590500000,35901200000,38203000000,42643836100,48835925926,54262870370,56302129630,57481481481,59562962963,68990000000,73141000000,77148000000,80656000000,87133000000,91370000000,96851000000,100050000000,103428000000,107352000000,N/A
Cyprus,9985844486,10397897086,11420227885,14547325028,17320552500,18433411267,20072786351,23968764030,27844698989,25945391775,25732432719,27565469098,24978513427,23900872626,23156850007,19842404305,20953442550,22870833710,25522671233,25758357775,24692095945,27719337670
Czechia,61828166496,67808032980,82196001051,100090467581,119814434354,137143471328,156264095665,190183800884,236816485763,207434296805,209069940963,229562733399,208857719321,211685616593,209358834156,188033050460,196272068576,218628940952,248950103352,252498032247,245339322067,282340849857
Germany,1947981991012,1945790973803,2078484517475,2501640388482,2814353869359,2846864211175,2994703642024,3425578382922,3745264093617,3411261212652,3399667820000,3749314991051,3527143188785,3733804649549,3889093051024,3357585719352,3469853463946,3690849152518,3977289455388,3888326788627,3846413928654,4223116205969
Djibouti,551230861.9,572417440.8,591122039.6,622044665.5,666072101.8,708633194.7,768873684,847918929.1,999105339.3,1049110685,1128611700,1239144502,1353632942,2042817163,2214679081,2424391785,2604955229,2762581334,2913466732,3088853639,3181071154,3371102124
Denmark,164158739098,164791442543,178635163717,218096033517,251373002954,264467336457,282884947703,319423424509,353361038818,321241303699,321995279402,344003137611,327148943812,343584391648,352993631618,302673070847,313115929314,332121063806,356841216410,347561349211,356084867686,397104343478
Dominican Republic,24305717542,25601765401,27137508657,21403167848,22322395368,35777570136,37879869898,43965420072,48122547177,48261033298,53860175556,58029750746,60681537196,62682163837,67179914027,71164825257,75704720190,79997975622,85555378043,88941299734,78844702329,94243453937
Algeria,54790392746,54744712815,56760355865,67863828413,85332581189,103198223709,117027307541,134977082624,171000699877,137211035770,161207270185,200013052199,209058991952,209755003251,213810024944,165979279263,160034163871,170097014589,174910878623,171767403748,145009181491,167983141738
Ecuador,18327764882,24468324000,28548945000,32432858000,36591661000,41507085000,46802044000,51007777000,61762635000,62519686000,69555367000,79276664000,87924544000,95129659000,101726331000,99290381000,99937696000,104295862000,107562008000,108108009000,99291124000,106165866000
Egypt,90710704807,99838543960,96684636119,85146067416,80288461538,78782467532,89600665557,107426086957,130437828371,162818181818,189147005445,218983666062,235989672978,279116666667,288434108527,305595408895,329366576819,332441717791,235733695652,249712999437,303080865604,365252651279
Eritrea,706370815.6,752368495.5,729321366.7,870247703.2,1109054005,1098425901,1211161880,1317974491,1380188800,1856695551,1589515447,2065001626,N/A,N/A,N/A,N/A,N/A,N/A,N/A,N/A,N/A,N/A
Spain,598363313495,627830029412,708756677089,907491523174,1069055675274,1153715822718,1260398977832,1474002579820,1631863493552,1491472923707,1422108199783,1480710495710,1324744314782,1355142585078,1371222712536,1195599995809,1232912963206,1312539279462,1420994142512,1393046093137,1281484640044,1425276586283
Estonia,5686579748,6254649539,7367975888,9874013098,12145911801,14106790200,17022870405,22449129483,24341678629,19633031398,19523477326,23213994093,23019150071,25115753366,26634083965,22890762090,24072829277,26924385103,30489500905,31045591753,30650285472,36262924354
Ethiopia,8242392104,8231326016,7850809498,8623691300,10131187261,12401139454,15280861835,19707616773,27066912635,32437389116,29933790334,31952763089,43310721414,47648211133,55612228234,64589334979,74296618481,81770791971,84269348327,95912590628,107657734392,111271112330
Finland,126019543413,129533107312,140404460203,171652458349,197479443979,204885494686,217089269792,256378067752,285716311137,253497520829,249424310817,275604356167,258290060228,271362405891,274862826772,234534382385,240771351299,255647979916,275715087495,268508200125,271836962949,299155237589
Fiji,1678239218,1652464201,1833279985,2300453634,2708078477,2980484920,3076305453,3378314600,3523185920,2870624636,3140508836,3774530616,3972012571,4190143206,4856963230,4682546863,4930204230,5353404422,5581371850,5496264766,4574413823,4592118710
France,1365639660792,1377657339291,1501409382971,1844544792037,2119633181634,2196945232436,2320536221305,2660591246212,2930303780828,2700887366932,2645187882117,2865157541994,2683671716967,2811876903329,2855964488590,2439188643163,2472964344587,2595151045198,2790956878747,2728870246706,2630317731455,2937472757953
Kiribati,220140500,233271800,240970900,242517200,245432900,240236000,250281900,253541900,256787200,263145100,280284600,296944100,311301600,327248700,317214400,319271200,316489900,332265200,366666800,401932300,412479413.4,407515928
Gabon,5080483464,5023265365,5335451308,6511903657,7770219480,9582783318,10327598801,12455410056,15571349776,12113699661,14372591916,18210308748,17170465294,17595745653,18203968002,14383107714,14023890620,14929488771,16867325127,16874405840,15316824039,18269350434
United Kingdom,1662127402028,1643908161796,1784076738609,2057093877551,2421814353717,2544829090909,2717059797608,3106182472989,2938882352941,2425798410967,2491110093454,2674891473844,2719158341006,2803291406030,3087165602963,2956573778738,2722851958486,2699016715111,2900791442554,2878673912414,2756900214107,3186859739185
Georgia,3057475335,3219488664,3395728014,3991284895,5125365192,6410823633,7745394293,10172882371,12795076469,10766836277,12243505583,15107441447,16488403076,17189551521,17627003455,14953950557,15141758567,16242916916,17596922470,17470436259,15842922533,18700241392
Ghana,4983024408,5314909954,6166330136,7632406553,8881368538,10744675210,20440893017,24827844950,28678701891,26048108185,32197272797,39337314810,41270954737,62823043706,54782847753,49406568433,56165172899,60406382899,67299280680,68337537816,70043199814,77594279055
Guinea,2995361141,2829435957,2950198649,3446441698,3635458133,2937071767,4220019243,6281917656,6964179194,6716904569,6853467858,6785137173,7638045254,8376613843,8778473615,8794202444,8595955581,10324668267,11857030337,13442861444,14169626010,15850520384
Gambia,814723460.1,782915402.4,687408804.6,578236035.1,487038821.6,961900106.9,1027702254,1054113427,1279704745,1561763437,1450140386,1543292393,1409694554,1415006238,1375608956,1229460602,1378176868,1484579844,1504909753,1670670669,1813608280,1830413000
Guinea-Bissau,371095510,392621385.9,417806667.1,477458598.7,532062927.4,587029054.4,592365688.1,696910810.9,868154708.5,830126470,849878424.2,1099818652,989271229.6,1046087418,1054915645,1048229629,1179004941,1350177128,1504630121,1439638443,1431758243,1638517533
Equatorial Guinea,1045998496,1461139022,1806742742,2484745935,4410764339,8217369093,10086528699,13071718759,19749893536,15027795173,16314442183,21357344847,22388345810,21948835350,21765454404,13185496836,11240809132,12200912828,13097011208,11364134109,10099157270,12269392789
Greece,130457756628,136309295225,154564203587,202370140236,240963562236,247875422204,273546728473,318902829551,355908689477,331308500253,297124961972,282995942007,242029307133,238907690051,235458133125,195683527003,193148146587,199844406014,212049447242,205144152831,188835201626,216240589485
Grenada,520044370.4,520444185.2,540336925.9,591018407.4,599118592.6,695555555.6,698700666.7,758683592.6,825976037,771275555.6,771013259.3,778655925.9,799882259.3,842620111.1,911497407.4,997007925.9,1061640741,1125685185,1166523556,1213485185,1043411111,1122083185
Greenland,1068030830,1086172923,1169138789,1558753434,1822486689,1849805733,2013099482,2249811709,2499107511,2529948330,2503156061,2684467376,2609667674,2684952727,2842048998,2499115623,2707146783,2851610656,3055791341,2994332324,3075968329,N/A
Guatemala,19288827159,18405203853,20444205991,21576351799,23577286227,26783543667,29744368111,33567868323,38503862831,37125943565,40676432029,46876114650,49593961142,52996540704,57852399964,62186186576,66053725049,71654134379,73208583759,77020015201,77604632621,85986321551
Guyana,712667896.7,712167575.6,726131434.7,743064076.8,787814379.2,824880550.3,2379818383,2730971150,3025187924,3165663153,3432913073,3691384318,4063089192,4167800259,4127659492,4279840194,4482697337,4748174334,4787636237,5173760192,5471256595,7409179921
Hong Kong,165768095392,171668164083,169403241524,166349228737,161384522525,169099768875,181570082162,193536265094,211597405594,219279678430,214046415026,228637697575,248513617677,262629441493,275696879835,291459356985,309383627029,320858250776,341273289534,361731070996,363052489184,344881400505
Honduras,7186650135,7651174661,7858235333,8230387552,8869311411,9757034457,10917481688,12361257681,13881701034,14587496229,15839344592,17710315006,18528601901,18499710128,19756494435,20979767785,21717622071,23136232230,24067778954,25089976947,23827840810,28488668302
Croatia,21839780971,23273640257,27074550258,34985749883,41958833541,45780237257,50860788253,60542673503,70750646248,63084004705,60426018629,63169910822,57192346923,58889082315,58330289757,50163192883,52295158344,56214427431,62247874949,62246206341,57203783203,67837788544
Haiti,6813577558,6331961555,6058134467,4826827577,6036959915,7184064657,7518107787,9522763154,10485225353,11597014807,11859315079,13008754111,13708926466,14902474091,15139264670,14833154472,13987693739,15035560373,16455034353,14785839383,14508218017,20944392615
Hungary,47218405892,53749989092,67608919144,85302003908,104141042626,113236711636,115751266695,140227560615,158374419641,131114229049,132231134159,141999960210,128857370477,135732595722,141078984817,125210324613,128636108315,143136245597,160586833778,163526491433,156743134666,182280517581
Indonesia,165021012078,160446947785,195660611165,234772463824,256836875295,285868618224,364570514305,432216737775,510228634992,539580085612,755094160363,892969107923,917869910106,912524136718,890814755233,860854235065,931877364178,1015618742566,1042271531012,1119099868265,1058688935455,1186092991320
India,468394937262,485441014539,514937948870,607699285434,709148514805,820381595513,940259888792,1216735441525,1198895582138,1341886602799,1675615335601,1823049927771,1827637859136,1856722121395,2039127446299,2103587813813,2294797980509,2651472946375,2702929718960,2831552222520,2667687951797,3173397590817
Ireland,100207610430,109346669230,128596035288,164670771260,194372115041,211876989656,232180617162,270079279420,275447471451,236443115854,221876011284,238975558967,225496810957,238279269751,258969649064,291580037584,298928152645,335430829594,385041711506,399122063504,425888950992,498559576715
Iran,113848450088,109591707802,126878750296,128626917504,153544751395,190043433965,226452138292,266298911661,349881601459,412336172447,416397025729,486807615326,626133114527,644035510448,492775565650,460382791826,408212918054,457954614143,486630146444,330991589889,291362916336,231547571240
Iraq,48364250944,36176430129,32928454672,21921569479,36627901762,49954890353,65140147197,88837055195,131614433712,111657581662,138516722650,185749664444,218002481738,234637675129,228415656175,166774109674,166602488748,187217660051,227367469034,233636097800,184369797315,207889333724
Iceland,9025660362,8234846805,9318395055,11429333038,13825302536,16852963067,17465318552,21652505597,18074622987,13154414219,13751161918,15221622926,14751508134,16125060515,17867662178,17517210519,20793168031,24728285177,26267063758,24857740445,21718075725,25458933916
Israel,132455662080,130816321183,121148475242,127046633803,135571348059,142657069100,154145495309,179161786957,216711549610,207953439209,234654589560,262293871093,258417104164,294167366504,310944937638,300078278118,319024417317,355277223507,373641241441,397934596953,407100736594,481591266133
Italy,1146676894210,1168023426056,1276769338449,1577621707051,1806542968546,1858217147204,1949551719390,2213102482751,2408655348719,2199928804119,2136099955237,2294994296590,2086957656822,2141924094299,2162009615997,1836637711061,1877071687634,1961796197354,2091932426267,2011285742552,1892574064222,2099880198259
Jamaica,9005064475,9194717836,9719017926,9430230564,10174664854,11243868486,11930171468,12799593018,13709402085,12120460873,13220556883,14444655300,14807086889,14264202737,13899228824,14188935948,14077109397,14808989993,15730793853,15830768550,13812425037,13638230996
Jordan,8460424401,8975689845,9582453032,10195660790,11411390409,12588665303,15056929760,17110587447,22657662393,24537876056,27133804225,29524149155,31634561690,34454440141,36847643521,38587017887,39892551127,41408960845,42932112676,44502895915,43697659296,45243661972
Japan,4968359075957,4374711694091,4182846045874,4519561645254,4893116005657,4831467035390,4601663122650,4579750920355,5106679115127,5289493117994,5759071769013,6233147172341,6272362996105,5212328181166,4896994405353,4444930651964,5003677627544,4930837369151,5037835383111,5123318151511,5040107754084,4937421880462
Kazakhstan,18291994909,22152694162,24636593223,30833699703,43151647003,57123671734,81003884545,104849886826,133441612247,115308661143,148047348241,192626507972,207998568866,236634552078,221415572820,184388432149,137278320084,166805800596,179339994859,181667190076,171082379533,190814274226
Kenya,12705357103,12986007426,13147743911,14904517650,16095337094,18737897745,25825524821,31958195182,35895153328,42347217913,45405587557,46869457318,56396706006,61671425370,68285768554,70120413329,74815121315,82035800868,92202956321,100379713697,100666542666,110347079517
Kyrgyzstan,1369688498,1525116370,1605643105,1919008090,2211534585,2460248026,2834168889,3802566171,5139957785,4690062255,4794357795,6197766119,6605139933,7335027592,7468096567,6678178340,6813092066,7702934800,8271108638,8871026074,7780874537,8543423503
Cambodia,3654031716,3984000517,4284028483,4658246918,5337833248,6293046162,7274595707,8639235842,10351914093,10401851851,11242275199,12829541141,14054443213,15227991395,16702610842,18049954289,20016747754,22177200512,24571753583,27089389787,25872798012,26961061120
Kiribati,67254174.4,63101272.37,72196457.68,90231856.8,102367039.3,112133944.3,110234939.8,132671743,141042610.3,132419903.3,155299728.5,180665807.2,189630114.9,184550740.1,177862310.4,170291002,178509814.1,188192060.1,196230573.8,177935349.3,180911843.6,N/A
North Korea,497512659612,576178114168,547658231280,627246081417,702717332013,793175007858,934901071333,1053216909888,1172614086540,1047339010225,943941876219,1144066965324,1253223044719,1278427634343,1370795199976,1484318219634,1465773245547,1500111596236,1623901496836,1724845615629,1651422932448,1637895802793
Kuwait,37712842243,34887512227,38137545245,47876510067,59439090601,80798630137,101548931771,114639690359,147395089286,105963168867,115419399860,154068115942,174070382279,174161142454,162631412509,114567298106,109419728567,120707435542,138182400494,136196760181,105960225688,N/A
Lao People's Democratic Republic,1731198022,1768619058,1758176653,2023324407,2366398120,2735558726,3455031448,4223152219,5446434032,5836138127,7131773633,8750107402,10192848926,11983252611,13279248479,14426381187,15912495369,17071162084,18141651381,18740559554,18981800705,18827148530
Lebanon,17260364842,17649751244,19152238806,20082918740,21159827992,21497336499,22022709852,24827355015,29118916106,35399582929,38443907042,39927125961,44016799516,46880103081,48095213746,49929337837,51147308774,53027680686,54901519156,51605959131,25948915861,18076624840
Liberia,874000000,906000000,927000000,748000000,897000000,949000000,1119000000,1373000000,1726000000,1768000000,1998000000,2398000000,2791614000,3177198100,3225652000,3227075700,3398419600,3390703400,3422754800,3319596500,3039982540,3486741370
Libya,38270206950,34110064452,20481889764,26265625000,33122307692,47334148578,60092950670,68035403136,86708074534,60810211408,75380170508,48167374612,92538004280,75350633011,57372445772,48717854040,49910960875,67158415842,76684175824,69252306372,52320215472,41879579677
Saint Lucia,932592592.6,892592592.6,900000000,987407407.4,1066666667,1135555556,1268319185,1336088815,1437731111,1401507889,1486758037,1576988407,1605146778,1664816741,1755130815,1808079889,1865513430,1996771441,2065127263,2118791548,1616772748,1764901133
Sri Lanka,16330814180,15749753805,16536535647,18881765437,20662525941,24405791045,28279814925,32350248411,40713812310,42066217872,56725749222,65292753005,68434409315,74317806538,79356449841,80604080689,82401038710,87428128124,87963042341,83902574443,80969683537,84518830393
Lesotho,887295267.9,825706961.2,775780697.7,1157832935,1511236656,1682350935,1800105590,1682016947,1766825413,1740830511,2234731974,2579421686,2477702253,2367113170,2441053176,2359759799,2114020380,2306185361,2514146888,2451257579,2250717718,2518468891
Lithuania,11524776867,12237388002,14259781159,18781721376,22627507452,26097677572,30183575104,39697891352,47797551588,37388122046,37128694028,43535051482,42927454291,46523420074,48533659592,41435533340,43047309306,47758736932,53750911866,54697379017,56546957475,65503849705
Luxembourg,21230182989,21387533703,23649833332,29667268248,35064843793,37672280120,42910146296,51587401416,58844277702,54467289898,56213985987,61696281326,59776383527,65203276467,68804811898,60071584216,62216885436,65712180343,71285019397,70195715496,73353132794,86710803337
Latvia,7958852839,8362398702,9557031605,11771975157,14435700533,17003459863,21570076499,31054350978,35854274229,26410909091,23956163077,27474380566,28169902669,30204783462,31386896487,27263090547,28083597512,30483806018,34429023435,34308783825,33645460617,38872546229
Macao,6547629475,6774193548,6860272608,7371723056,8246521717,10643215078,12160002996,14874147024,18439876056,21027044551,21587740942,28241858489,36845925519,43189526778,51536304808,54903031138,45047964934,45070605746,50440941939,55284360483,55204758070,25586111076
Morocco,38857251336,39459581217,42236836821,52064058834,59626020162,62343022651,68640825481,79041294874,92507257784,92897320376,93216746662,101370474295,98266306615,106825649872,110081248587,101179808076,103311649248,109682728023,118096227400,119870439114,114725065285,132725261467
Madagascar,4629247091,5438332738,5351701534,6372498720,5064732716,5859269849,6395712392,8524620739,10725137931,9616879571,9982711338,11551819618,11578974888,12423555269,12522957228,11323020829,11848613735,13176313594,13614412551,14191911512,13225591804,14637400396
Maldives,624337145.3,870030468.6,897031250,1052121055,1226829563,1163362438,1575200391,1868383461,2271646188,2345294875,2588176055,2774351760,2886170572,3295011382,3697351597,4109424800,4379136462,4754175869,5300962660,5607762625,3742769967,4889666932
Mexico,707906744575,756706300590,772106378935,729336319677,782240601985,877476221382,975387131716,1052696282279,1109989063587,900045350649,1057801295584,1180489601958,1201089987015,1274443084717,1315351183525,1171867608198,1078490651625,1158913035796,1222408203104,1269404276771,1087117783073,1293037866360
Marshall Islands,115347500,122824000,131738200,131398500,132440200,136559500,141515800,148346700,151898900,149769600,160407100,172188500,180436300,184840400,182142800,183814300,201510900,213204100,221588900,239462200,244462400,248665600
The former Yugoslav Republic of Macedonia,3772857145,3709637830,4018365247,4946292775,5682788267,6258600714,6861222332,8336478142,9909548411,9401731496,9407168702,10494632699,9745251126,10817712139,11362272838,10064515432,10672471861,11307058382,12683070061,12606338449,12116981815,13879269152
Mali,2961484954,3468337941,3908121310,4714071978,5454249123,6247515892,6905934219,8156468818,9838403091,10231962383,10689168011,12995112698,12442035328,13242690790,14364937128,13104764379,14026048334,15365713059,17070867578,17280250805,17465392779,19143741503
Malta,4069515579,4088368978,4470446391,5448415500,6098092551,6416184181,6778324050,7925371475,9090406767,8696366907,9035932122,9638916481,9462238211,10551661177,11626281387,11091434484,11668286795,13505056442,15301279478,15719500921,14917038504,17189730470
Myanmar,6849321646,6220270632,6110632858,7754647428,9390855298,10588433069,11863016315,15591182545,23013015832,29455165595,37796052939,54118601975,58318677645,60572257122,63264892768,63045305229,60291736894,61449392056,67144725831,68697759361,78930257227,65067808985
Montenegro,984297589.4,1159869246,1284685051,1707710053,2073234418,2257174481,2721903149,3680711744,4545674528,4159330370,4143033276,4544516982,4087725813,4465771673,4593852089,4054728173,4376929572,4856602179,5506944403,5542201151,4780722122,5809170962
Mongolia,1136896124,1267997934,1396555720,1595297356,1992066808,2523471532,3414055566,4234999823,5623216449,4583850368,7189481824,10409797649,12292770631,12582122604,12226514722,11619892396,11181350461,11480847745,13178094459,14206359007,13312981595,15098022829
Mozambique,5656473652,5398568544,5677003239,6303391144,7631120533,8542070110,9176889070,10450843291,12556195189,11914471497,11104649065,14381552467,16350813487,16974314296,17716091057,15950979333,11936993087,13219079498,14845400593,15390031040,14028811072,16095828897
Mauritania,1779523344,1746064719,1777058593,2051147607,2362501023,2936019526,3919577286,4346206809,5206444407,4714592493,5628878866,6764627666,6728208836,7223071177,6592537782,6166863960,6398747532,6800135962,7352533586,7889655284,7915985514,8227580740
Mauritius,4663313620,4613630623,4841310240,5816553827,6578844486,6488750453,7028803366,8150138757,9990370016,9128843109,10003670690,11518393367,11668685524,12129642296,12803445934,11692287066,12232463656,13259351418,14181951059,14045808843,10926820603,11156657770
Malawi,1743506531,1716502862,3495748398,3208837077,3476094499,3655909664,3998020177,4432937046,5321012192,6191127665,6959655571,8004000737,6028487929,5518880769,6047813437,6373212641,5433040160,8943543677,9880676219,11025370769,12172128470,12626718074
Malaysia,93789736842,92783947368,100845526316,110202368421,124749473684,143534102611,162691238209,193547824063,230813897716,202257625195,255016609233,297951960784,314443149443,323277158907,338061963396,301354803994,301255380276,319112136545,358791513221,365276379481,337006023790,372701358820
Namibia,3922247990,3557333364,3349184760,4926471294,6609198833,7248394160,8001779551,8839526452,8607475308,8938868165,11431334447,12523402329,13042007432,12043276397,12435416060,11335179562,10721994677,12895153160,13682062249,12543203411,10562637376,12236250784
New Caledonia,3420033047,3297734668,3740057133,4915355784,5895011252,6238632284,6979153332,8819922042,9067623001,8704436169,9364347372,10351442209,9659153061,10151385306,10635039739,8738205837,8724570250,9173668102,9846922416,9438130987,9435529927,N/A
Niger,2241753120,2448714681,2782192987,3394084885,3760443966,4383315657,4756361480,5731485267,7297600897,7352131669,7851191899,8772951262,9426913349,10224897935,10862944204,9683867894,10398862245,11185102400,12808660528,12916455161,13741378450,14950949875
Nigeria,69448756933,74030364472,95385819321,104911947834,136385979322,176134087150,236103982432,275625684969,339476215684,295008767295,361456622216,404993594134,455501524575,508692961937,546676374568,486803295098,404650006429,375746469539,397190484464,448120428859,432293776262,440776971536
Nicaragua,5107329007,5323146566,5224213018,5322454926,5795568205,6321335612,6763361733,7423313549,8496946608,8298679909,8758639096,9774307336,10532006608,10982979274,11880434071,12756706583,13286083645,13785909906,13025239912,12596636042,12586941393,14013022092
Netherlands,417479337445,431586852370,473861980071,580070360702,658380081545,685348181516,733955269899,848558887541,951869997864,871518638049,847380859017,905270626333,838923319920,877172824535,892167986714,765572770634,784060430240,833869641687,914043438180,910194347569,913865395790,1018007056950
Norway,171247131269,173972218824,195524186478,228858506822,264511630667,308884284051,345581369966,400937100159,462250000000,386190385319,428757038467,498283438454,509506317147,522761531915,498410050251,385801550067,368827142857,398393955269,436999692591,404941363636,362198318435,482437019790
Nepal,5494252208,6007055042,6050875807,6330473097,7273938315,8130258041,9043715356,10325618017,12545438605,12854985464,16002656434,21573862467,21703106502,22162208956,22731602970,24360795411,24524098185,28971589213,33111525872,34186190996,33433670512,36288830373
Nauru,N/A,N/A,N/A,N/A,N/A,N/A,N/A,N/A,N/A,N/A,47564520.39,66055407.67,96927201.48,98491843.64,104654365.2,86529661.37,99723394.96,109359680.2,124021393.7,118724073.8,114626625.6,133218896.9
New Zealand,52623281957,53872425917,66627729311,88250885550,103905210084,114720129550,111538810713,137188946866,133131369930,121373602349,146517541181,168291357112,176206659723,190906575136,201313497221,178064471138,188838342528,206623758800,211953111036,213434571358,211734532308,249991512237
Oman,19507452536,19452000520,20142756047,21633708192,24763712874,31081991678,37215779714,42085379454,60905452536,48388363589,64993498049,77497529259,87408842653,89936020806,92699089727,78710793238,75128738622,80856697009,91505851756,88060858257,73971391417,85868626528
Pakistan,82017743416,79484403985,79904985385,91760542940,107759683863,120055291993,137264061106,152385716312,170077814106,168152775283,177165635077,213587413184,224383620830,231218567179,244360888751,270556131701,313629858860,339205615769,356128224957,320909489230,300306331698,346343170486
Panama,12304115000,12502013400,12994310400,13693981200,15013381700,16374393900,18141666300,21295984200,25155888600,27116635600,29440287600,34686224300,40429734400,45599994000,49921464400,54091713800,57907695400,62202725200,64929409200,66984427200,53977037000,63605065800
Peru,51744749133,52030158775,54777553515,58731030122,66768703498,76060606061,88643193062,102170981144,120550599815,120822986521,147528937029,171761737047,192648999090,201175469114,200789362452,189805300842,191895943824,211007207484,222597212925,228323495041,201705055939,223249497500
Philippines,83669693589,78921234458,84307291974,87039145965,95002028505,107419961718,127652859201,155980378254,181624577155,175974711592,208368726861,234216930370,261920509951,283902728261,297483247101,306446140629,318626761493,328480867143,346842094175,376823278561,361751116293,394086419343
Palau,146297500,156907900,163184900,153963200,165186200,190452900,192382400,198897700,198283900,187522800,185943000,196911100,212397800,221117200,241669800,280457700,298300000,285300000,284700000,274200000,257700000,N/A
Papua New Guinea,3521339699,3081024212,2999511040,3536411824,3927157867,4865892972,8355006707,9545177014,11670840932,11619637799,14250755231,17984910502,21295659244,21261432791,23210682538,21723531173,20759069103,22742613554,24109509853,24751344561,24667052023,26594277246
Poland,172219461126,190905493539,199072058824,217827260806,255110181540,306144336270,344622003094,429028505365,533609081853,439737508413,479834179020,528301269070,498523568248,521016262735,542477096212,477811911394,472630364208,526508877305,587411745162,597280564672,596624355720,674048266397
Puerto Rico,61701800000,69208400000,71623500000,74827400000,80322313000,83914521300,87276164400,89524131600,93639300000,96385600000,98381300000,100351700000,101564800000,102450000000,102445800000,103375500000,104336700000,103445526000,100925000000,104914600000,103138300000,N/A
Republic of Korea,N/A,N/A,N/A,N/A,N/A,N/A,N/A,N/A,N/A,N/A,N/A,N/A,N/A,N/A,N/A,N/A,N/A,N/A,N/A,N/A,N/A,N/A
Portugal,118605192877,121604107165,134795565549,165226175537,189382122532,197253876705,208756449276,240496147317,263416394624,244667762836,238113003233,245117990242,216224240578,226433858006,229901964222,199394066525,206426152309,221357874719,242313116578,239986922639,228539245045,249886464355
Paraguay,8855705140,8495806432,7196260657,7691367471,9624440836,10737500188,13429430050,17856393235,24615276690,22355161514,27129301212,33737052170,33296438306,38651334288,40377987209,36211372703,36089550659,38997129474,40225448341,37925338329,35432178068,38986810989
French Polynesia,3453920575,N/A,N/A,N/A,N/A,N/A,N/A,N/A,N/A,N/A,N/A,N/A,N/A,N/A,N/A,5325848045,5497037293,5833351478,6135117589,6008055248,5669368717,N/A
Qatar,17759890110,17538461538,19363736264,23533791209,31734065934,44530494505,60882142857,79712087912,115270054945,97798351648,125122306346,167775268614,186833502362,198727642979,206224598565,161739955578,151732181857,161099122215,183334953813,175837550996,144411363345,179570783551
Romania,37253259017,40394824679,46066101951,57806506024,74972669057,98452791983,122022997508,174585202805,214313628965,174103695930,166309355235,183326740143,170635805317,190801346194,199959363430,177729210875,188128818486,211695422579,241457403085,249881592298,249511333648,284087563696
Russian Federation,259710142197,306602070621,345470494418,430347770732,591016690743,764017107992,989930542279,1299705764824,1660846387625,1222644282202,1524917468442,2045925608274,2208295773643,2292473246621,2059241965491,1363481063447,1276786979222,1574199387071,1657329646184,1693113904263,1488321875490,1775799919353
Rwanda,2067579822,1965500949,1964832512,2137156727,2375376873,2932340855,3318107347,4068224991,5177230923,5671592572,6121529488,6881379762,7650671477,7815975294,8234762201,8539424910,8690878328,9252834120,9642440646,10356327149,10184345442,11070356519
Saudi Arabia,189514926213,184137469733,189605920240,215807655253,258742263040,328459700115,376900135728,415964583055,519796738640,429097899280,528207332650,671238840108,735974843349,746647127408,756350347320,654269739552,644935682011,688586094413,816578674529,803616264791,703367841223,833541236569
Sudan,12257418326,15716489370,18136839087,21355576673,26645490675,35182105414,45264519503,59440139775,64831935604,58316191440,74151186600,78403418360,63195499524,66026600235,76818327442,84985132167,102943741649,129717804935,32333780383,32338079165,26987563444,34326058557
Senegal,6013184809,6507824767,7006402592,8768721956,10076817278,11009032665,11697918803,13994218939,16853991177,16145868285,16121314671,17814284622,17660871726,18918668644,19797254643,17774766636,19040312815,20996564752,23116897847,23398811424,24493157583,27625388352
Singapore,96074477958,89794943350,92537752709,97645448284,115035498758,127807618361,148630373214,180941941477,193611986713,194152286009,239809387605,279351168707,295087220933,307576360585,314851156183,308004146058,318832428520,343193352162,376998146501,375472731271,345295933899,396986899888
Solomon Islands,419845231.8,409507389.2,346405301.7,352531728.4,397557524,476836691.1,538614679,620211238.9,699203616.5,735997355.7,846767635.9,1049889692,1191045573,1284763287,1335584912,1307082934,1378543909,1483793468,1574622018,1570093229,1545888426,1645213882
Sierra Leone,635874002.2,1090467712,1253340520,1385810072,1448536631,1650494367,1885112202,2158496873,2505458705,2453899847,2578026297,2942546781,3801862611,4920343195,5015157816,4218723875,3674794530,3719369107,4085114794,4076578543,4063289450,4200380124
El Salvador,11784927700,12282533600,12664190300,13243892200,13724810900,14698000000,15999890000,17011750000,17986890000,17601620000,18447920000,20283780000,21386150000,21990960000,22593470000,23438240000,24191430000,24979190000,26020850000,26896660000,24638720000,28736940000
Somalia,N/A,N/A,N/A,N/A,N/A,N/A,N/A,N/A,N/A,N/A,,,,4574495667,5021956321,5331761394,5529873480,5609000000,5850677296,6476674592,6965285325,7292721820
Serbia,6875845987,12960538724,17120906918,22482365322,26141968161,27683225959,32482070360,43170990616,52194221469,45162894381,41819468692,49258136129,43309252921,48394239475,47062206678,39655958843,40692643373,44179055280,50640650221,51514222382,53335016425,63068134601
South Sudan,N/A,N/A,N/A,N/A,N/A,N/A,N/A,N/A,14586253383,12231264525,14602072411,14907308933,11931472169,18426469017,13962212847,11997800760,N/A,N/A,N/A,N/A,N/A,N/A
Sao Tome and Principe,N/A,75951210.69,85171308.17,102085583.5,114582561.6,136450274.7,142775597.3,149146423.1,188021190.6,187820464.6,196652514.3,231489270.1,250680845.7,300554483.6,346528329.2,316066072.3,345495615,375614126.2,412253809.7,427425039.7,472914469.9,547092915
Suriname,947671969.7,834279357.8,1093574468,1274190311,1484092538,1793388732,2626380435,2936612022,3532969035,3875409836,4368398048,4422276622,4980000000,5145757576,5240606061,5126291451,3317438911,3591623596,3996247906,3984483762,2884248048,2862131980
Slovakia,29242558797,30778781607,35297794386,46919965224,57437444469,62808723477,70767338922,86563986799,100879902985,89399303222,90801178162,99492917849,94253181330,98569320343,101089178418,88636928905,89674927723,95393515078,105612792517,105284375641,105172564492,114870706410
Slovenia,20289627637,20876309970,23489890274,29634713641,34414784504,36206395971,39481045038,48067401207,55779427740,50567734886,48208240226,51583869785,46577793184,48415657265,49997186439,43107506024,44766722791,48589100043,54163591695,54178877606,53589609581,61526331889
Sweden,262835454367,242395852494,266849061836,334337212322,385118044877,392218088879,423093437424,491252589217,517706149201,436537014294,495812558843,574094112973,552483727283,586841821797,581964017237,505103781350,515654671470,541018749769,555455371487,533879529188,541487151475,627437898887
Seychelles,614879764.8,622262057.2,697518248.2,705704816,839319927.3,919103254.5,1016418229,1033561654,967199594,847397850.1,969940010.2,1065823923,1059496470,1328089686,1387577763,1415998663,1490226454,1573428277,1636310049,1684228529,1200634489,1320053793
Syrian Arab Republic,80590022272,86771314031,90558485523,95693808463,112863340757,134203830735,153799910913,180030111359,218089977728,224561692650,252518218263,73616694709,44117799607,22552466245,22075987602,17622064892,12453459335,16340665432,21445775364,N/A,N/A,N/A
Turks and Caicos Islands,N/A,358744800,366707910,409753640,485598810,578645760,721891470,773489740,862683630,703175750,686787810,728789570,727161000,754238000,841070000,942070000,1032452000,1022365000,1113178000,1197415000,924583000,943269768
Chad,1388506727,1710843361,1997005787,2742815195,4422855929,6649307057,7428701809,8650138069,10393834721,9290728773,10668102735,12172309523,12367363678,12953535496,13940768066,10950392220,10097778354,10000395242,11239167048,11314951343,10715396135,11779980802
Togo,1491891108,1482437752,1706698099,2115836353,2259992642,2281482855,2351584608,2662612348,3323677130,3379258565,3429461495,3872459250,3873308389,4321655656,4574986537,4180866177,6031632168,6395472574,7112200725,7220395248,7574636979,8413200568
Thailand,126392233707,120296476180,134300851255,152280677649,172895749632,189318549680,221758196505,262942476722,291382991178,281710416557,341104820155,370819140947,397558222957,420333203150,407339454061,401296437425,413366150656,456356961443,506754616189,544081056185,499681757031,505981655622
Tajikistan,860521119.3,1080768907,1221120799,1555301496,2076182461,2312327536,2830220713,3719506173,5161337336,4979481980,5642178580,6522732203,7633049792,8448469838,9112544556,8271454301,6992393787,7536439875,7765014424,8300784857,8133996648,8746270636
Turkmenistan,2904662605,3534803922,4461978499,5977560877,6838351088,8103901996,10276674365,12664165103,19271523179,20214385965,22583157895,29233333333,35164210526,39197543860,43524210526,35799714286,36169428571,37926285714,40765428571,45231428571,N/A,N/A
Timor-Leste,367087900,477443500,469506700,490439100,440764600,462283600,453805100,542795400,648492700,726882400,881827800,1042411500,1160389500,1395519600,1447307100,1594410900,1650618500,1615609700,1583876200,2047931700,1902156800,1959134744
Tonga,204849612.6,181116952.8,182763693.9,202246959.7,230657965.5,261797606.1,292232117.1,298513956.2,344428609,312377379.3,366840012.4,414523388.5,470714083.4,450643615.2,439878828,437006227.2,420540178.6,460379145,489235527.4,512350059.4,488829964.1,N/A
Trinidad and Tobago,8154338233,8824873259,9008273721,11305459802,13280275123,15982282462,18369361094,21641620050,27871587350,19172165226,22157948396,25433011405,25781712703,27294453245,27642525749,25191551350,22373566810,23180107752,23820742957,23886216403,21392536138,21391802311
Tunisia,21473261837,22066031834,23142153760,27453007373,31183059012,32273007554,34377310293,38914078352,44860969077,43454935940,46206091938,48122744708,47311159485,48684187850,50271072628,45780128467,44360614525,42164007605,42685972269,41772900763,42514151614,46840042941
Turkey,274302959053,201751148417,240253216295,314592428076,408876042652,506308311477,557057829051,681337335022,770462156204,649272568774,776992599947,838762755164,880556375780,957783020853,938952628604,864316670331,869692960366,858996263096,778471901665,761004425605,719954821683,815271751724
United Republic of Tanzania,13375976354,13581644246,14142035080,15224257698,16675948415,18399046025,18649590248,21843529025,27941177435,29081425282,32014249841,34657139495,39650530214,45680532614,49964788814,47378599025,49774021003,53320625959,57003713611,61136873692,62409709111,67775101794
Uganda,6193246837,5840503869,6178563591,6606884391,7939487474,9239221859,9977647645,11902564401,14440404021,25127805566,26673441667,27871725206,27305915761,28915786997,32612397758,32387183845,29203988815,30744473912,32927025573,35353060634,37600368181,40434701517
Ukraine,32375280321,39309580983,43956369917,52010238716,67220154164,89239370109,111884752475,148733861386,188111140644,121552777493,141209864408,169333048848,182592416469,190498811460,133503411376,91030959455,93355993629,112090530369,130891049797,153882982016,156617861449,200085537744
Uruguay,22823255802,20898788417,13606494599,12045631093,13686329890,17362857684,19579457966,23410572634,30366213119,31660911277,40284481652,47962439304,51264390116,57531233351,57236013086,53274304222,57236652490,64233966861,64515038268,61231149881,53560755047,59319547636
United States of America,10250947997000,10581929774000,10929112955000,11456442041000,12217193198000,13039199193000,13815586948000,14474226905000,14769857911000,14478064934000,15048964444000,15599728123000,16253972230000,16843190993000,17550680174000,18206020741000,18695110842000,19479620056000,20527156026000,21372572437000,20893743833000,22996100000000
Uzbekistan,13760513969,11401421329,9687788513,10134453435,12030023548,14307509839,17330833853,22311393928,29549438884,33689223673,49765676402,60178909297,67517349212,73180036692,80845384375,86196265192,86138288615,62081323299,52633143808,59907674027,59894305353,69238903106
Saint Vincent and the Grenadines,427946038.7,462072315.6,487763848.9,509090899.1,549900170.1,579948909.3,643501156.9,713596662.2,732663263.5,714300243.8,720447880.2,713796368.7,730032600.1,764781242.7,770901436.4,786554580.8,814302267.1,847620214.8,884328180.5,910149698.9,872134546.8,889775243.4
Venezuela,97976886247,117140723529,122903960205,92893587734,83620628582,112453382330,145510008135,183477522124,230364012576,315953388511,329787628928,393192354511,316482190800,381286237848,371005379787,482359318768,N/A,N/A,N/A,N/A,N/A,N/A
CV,31172518403,32685198735,35064105501,39552513316,45427854693,57633255618,66371664817,77414425532,99130304099,106014659770,147198853579,172595960458,195592471673,213710932339,233449971629,239257234711,257095955976,281353402175,308702086758,330391329476,343242570827,362637524071
Vanuatu,272014693.1,257926881.7,262596597.8,314471328.1,364996869.1,394962552.3,439376794.1,516392922.5,590748237,592622502.4,670713208.1,770153304.2,747839697.7,758304466.2,772315721.3,730870581.7,780889605.9,880062103,914736985.4,936526267.6,896827873.1,983469256.8
Samoa,258856138.7,266299603.5,281793614.9,333428714.4,407749576.9,476801791.1,499923741.4,573548460.4,641346174.9,628006123.3,663161528.4,737401684.1,760549577.7,770059565,756805950.2,788307314.9,799493897.5,832025556.1,821286938.9,852007104.7,807147527.6,788389971.6
Yemen,7641102523,9652436180,9861560095,10694628092,11777966673,13872791659,16746344766,19061978586,21650532264,26910851362,25130274124,30906749533,32726417212,35401341663,40415235702,43228585321,42444495590,31317828584,26842231205,21606161066,21887614217,18840511908
South Africa,151753369492,135429607037,129088132202,197020241490,255806631392,288868489079,303860874149,333075462600,316132138757,329753048857,417365076968,458201514137,434400545086,400886013596,381198869776,346709790459,323585509674,381448814653,404842116738,387934574098,335442101366,419946428126
Zambia,3600683040,4094480988,4193845678,4901839731,6221077675,8331870169,12756858899,14056957976,17910858638,15328342304,20265559484,23459515276,25503060420,28037239463,27141023558,21251216799,20958412538,25873601261,26311590297,23308667781,18110631358,21203059080
Zimbabwe,6689957600,6777384700,6342116400,5727591800,5805598400,5755215200,5443896500,5291950100,4415702800,9665793300,12041655200,14101920300,17114849900,19091020000,19495519600,19963120600,20548678100,17584890937,18115543791,19284289739,18051170799,26217726717